series,hours_tested,mean_load,ml_wape,ml_mape,profile_wape,profile_mape,persistence_wape,persistence_mape
Cockatoo all lodging (7 bldgs summed),8506,958.4754817885838,0.18032304205067268,0.1983140681972158,0.38774809486385453,0.5433231614879278,0.24336104647012438,0.29608642634324817
Cockatoo_lodging_Katharine,8670,83.0485339180902,0.20046487967403737,0.3136889450777573,0.5118913130924174,0.833269569903076,0.3219813907884048,0.5116757943920894
Cockatoo_lodging_Kerri,8669,163.6752311110521,0.15294141376082832,0.17400402851024485,0.32595437030502783,0.4054061502718495,0.21085939366544318,0.2470735921584831
Cockatoo_lodging_Jim,8577,153.42432558863055,0.7030609929688165,0.809362044852854,0.4584879631963039,0.6607467216440764,0.33895138887783444,0.45262400221576793
Cockatoo_lodging_Jarrod,8670,372.00246882286166,0.19140134282468016,0.24084627937224623,0.4154351369609764,0.5460875044832599,0.2939888825604795,0.36291057207392546
Cockatoo_lodging_Olga,8602,7.2775102625215675,0.43455788754260005,0.668161803299884,0.3981254822400092,0.5278715174902552,0.42809402271468167,0.567684021816791
Cockatoo_lodging_Linwood,8670,130.10056578428336,0.16119005651002136,0.3019334059013815,0.45833959510309286,0.8646050403515096,0.26223375347511535,0.4786758226132686
Cockatoo_lodging_Tesha,8670,48.6222200409033,0.16802044048240652,0.24733388866421122,0.367136641787842,0.7886763375667455,0.23527541048266865,0.4339198219483683
Peacock all lodging (0 bldgs summed),8760,0.0,,,,,,
Eagle all lodging (3 bldgs summed),8740,240.1131950585084,0.30428747440027476,0.353977347909579,0.36333956626250474,0.37840794759288254,0.3496214374108867,0.350561958801455
Eagle_lodging_Dawn,8744,78.45355310141241,0.47726142358572027,0.9210359895399106,0.4387696828325395,0.5644618810198125,0.39952397899915176,0.48469146143415465
Eagle_lodging_Edgardo,8760,75.79640978881278,0.39347375101925347,0.40230114716772114,0.4663922985082085,0.4913691405188913,0.4992136321553375,0.496966773985436
Eagle_lodging_Trina,8760,86.93445446347033,0.39359397426641485,0.38807368877508397,0.41906555119672406,0.42123543936115715,0.4593435467280512,0.4508499323211605
